TrialNumber,Trialn,TrialType,Partner,Feedback,ITI,ISI,ran,order,studyStart,InitFixOnset,InitFixOffset,decision_onset,resp,resp_onset,rt,ISI_onset,isi_for_trial,ISI_offset,outcome_val,outcome_onset,outcome_offset,trialDuration,ITIonset,ITIoffset
1,1,6,2,3,4,1.700000e+00,1.0,0.0,2.6999915e-06,3.6952329,7.696091,7.8916273,2.0,8.415172,0.5235443,8.515615,3.5764556,12.094971,7.0,12.095114,13.103204,5.211576,13.103394,17.105042
2,2,6,2,3,4,8.500000e-01,1.0,1.0,--,--,--,17.294382,7.0,18.847061,1.552678,18.947414,1.697322,20.646948,1.0,20.647064,21.652702,4.358319,21.652864,25.655024
3,3,3,1,3,2,8.500000e-01,1.0,2.0,--,--,--,25.661053,7.0,27.631222,1.9701691,27.731565,1.2798309,29.012966,2.0,29.013079,30.017778,4.3567247,30.017939,32.01923
4,4,3,1,3,2,8.500000e-01,1.0,3.0,--,--,--,32.02088,0.0,34.490738,2.4698572,34.591114,0.7801429,35.372887,999.0,35.373005,36.37797,4.3570895,36.37812,38.37948
5,5,4,2,1,3,1.700000e+00,1.0,4.0,--,--,--,38.57111,0.0,41.042175,2.471067,41.142525,1.628933,42.772915,999.0,42.773033,43.777,5.205892,43.77716,46.77891
6,6,3,1,3,2,2.550000e+00,1.0,5.0,--,--,--,46.781944,--,--,--,--,--,--,--,--,--,--,--,--
7,7,4,2,1,3,2.550000e+00,0.0,--,--,--,--,--,--,--,--,--,--,--,--,--,--,--,--,--
8,8,6,2,3,4,8.500000e-01,0.0,--,--,--,--,--,--,--,--,--,--,--,--,--,--,--,--,--
9,9,4,2,1,3,1.700000e+00,0.0,--,--,--,--,--,--,--,--,--,--,--,--,--,--,--,--,--
10,10,5,2,2,2,2.550000e+00,0.0,--,--,--,--,--,--,--,--,--,--,--,--,--,--,--,--,--
11,11,3,1,3,2,2.550000e+00,0.0,--,--,--,--,--,--,--,--,--,--,--,--,--,--,--,--,--
12,12,2,1,2,1,2.550000e+00,0.0,--,--,--,--,--,--,--,--,--,--,--,--,--,--,--,--,--
13,13,2,1,2,3,2.550000e+00,0.0,--,--,--,--,--,--,--,--,--,--,--,--,--,--,--,--,--
14,14,1,1,1,1,2.550000e+00,0.0,--,--,--,--,--,--,--,--,--,--,--,--,--,--,--,--,--
15,15,4,2,1,3,8.500000e-01,0.0,--,--,--,--,--,--,--,--,--,--,--,--,--,--,--,--,--
16,16,3,1,3,2,1.700000e+00,0.0,--,--,--,--,--,--,--,--,--,--,--,--,--,--,--,--,--
17,17,3,1,3,2,2.550000e+00,0.0,--,--,--,--,--,--,--,--,--,--,--,--,--,--,--,--,--
18,18,6,2,3,4,8.500000e-01,0.0,--,--,--,--,--,--,--,--,--,--,--,--,--,--,--,--,--
19,19,1,1,1,1,1.700000e+00,0.0,--,--,--,--,--,--,--,--,--,--,--,--,--,--,--,--,--
20,20,1,1,1,1,1.700000e+00,0.0,--,--,--,--,--,--,--,--,--,--,--,--,--,--,--,--,--
21,21,2,1,2,3,1.700000e+00,0.0,--,--,--,--,--,--,--,--,--,--,--,--,--,--,--,--,--
22,22,3,1,3,2,1.700000e+00,0.0,--,--,--,--,--,--,--,--,--,--,--,--,--,--,--,--,--
23,23,5,2,2,2,8.500000e-01,0.0,--,--,--,--,--,--,--,--,--,--,--,--,--,--,--,--,--
24,24,6,2,3,4,1.700000e+00,0.0,--,--,--,--,--,--,--,--,--,--,--,--,--,--,--,--,--
25,25,1,1,1,1,1.700000e+00,0.0,--,--,--,--,--,--,--,--,--,--,--,--,--,--,--,--,--
26,26,5,2,2,4,2.550000e+00,0.0,--,--,--,--,--,--,--,--,--,--,--,--,--,--,--,--,--
27,27,2,1,2,1,1.700000e+00,0.0,--,--,--,--,--,--,--,--,--,--,--,--,--,--,--,--,--
28,28,1,1,1,1,1.700000e+00,0.0,--,--,--,--,--,--,--,--,--,--,--,--,--,--,--,--,--
29,29,1,1,1,1,2.550000e+00,0.0,--,--,--,--,--,--,--,--,--,--,--,--,--,--,--,--,--
30,30,1,1,1,1,8.500000e-01,0.0,--,--,--,--,--,--,--,--,--,--,--,--,--,--,--,--,--
31,31,5,2,2,4,8.500000e-01,0.0,--,--,--,--,--,--,--,--,--,--,--,--,--,--,--,--,--
32,32,1,1,1,1,8.500000e-01,0.0,--,--,--,--,--,--,--,--,--,--,--,--,--,--,--,--,--
33,33,4,2,1,3,8.500000e-01,0.0,--,--,--,--,--,--,--,--,--,--,--,--,--,--,--,--,--
34,34,2,1,2,1,8.500000e-01,0.0,--,--,--,--,--,--,--,--,--,--,--,--,--,--,--,--,--
35,35,4,2,1,3,2.550000e+00,0.0,--,--,--,--,--,--,--,--,--,--,--,--,--,--,--,--,--
36,36,5,2,2,2,1.700000e+00,0.0,--,--,--,--,--,--,--,--,--,--,--,--,--,--,--,--,--
37,37,3,1,3,2,1.700000e+00,0.0,--,--,--,--,--,--,--,--,--,--,--,--,--,--,--,--,--
38,38,4,2,1,3,8.500000e-01,0.0,--,--,--,--,--,--,--,--,--,--,--,--,--,--,--,--,--
39,39,4,2,1,3,8.500000e-01,0.0,--,--,--,--,--,--,--,--,--,--,--,--,--,--,--,--,--
40,40,6,2,3,4,1.700000e+00,0.0,--,--,--,--,--,--,--,--,--,--,--,--,--,--,--,--,--
41,41,4,2,1,3,2.550000e+00,0.0,--,--,--,--,--,--,--,--,--,--,--,--,--,--,--,--,--
42,42,1,1,1,1,8.500000e-01,0.0,--,--,--,--,--,--,--,--,--,--,--,--,--,--,--,--,--
43,43,6,2,3,4,2.550000e+00,0.0,--,--,--,--,--,--,--,--,--,--,--,--,--,--,--,--,--
44,44,4,2,1,3,1.700000e+00,0.0,--,--,--,--,--,--,--,--,--,--,--,--,--,--,--,--,--
45,45,3,1,3,2,1.700000e+00,0.0,--,--,--,--,--,--,--,--,--,--,--,--,--,--,--,--,--
46,46,6,2,3,4,8.500000e-01,0.0,--,--,--,--,--,--,--,--,--,--,--,--,--,--,--,--,--
47,47,3,1,3,2,2.550000e+00,0.0,--,--,--,--,--,--,--,--,--,--,--,--,--,--,--,--,--
48,48,6,2,3,4,2.550000e+00,0.0,--,--,--,--,--,--,--,--,--,--,--,--,--,--,--,--,--
49,49,4,2,1,3,2.550000e+00,0.0,--,--,--,--,--,--,--,--,--,--,--,--,--,--,--,--,--
50,50,1,1,1,1,8.500000e-01,0.0,--,--,--,--,--,--,--,--,--,--,--,--,--,--,--,--,--
51,51,1,1,1,1,2.550000e+00,0.0,--,--,--,--,--,--,--,--,--,--,--,--,--,--,--,--,--
52,52,6,2,3,4,1.700000e+00,0.0,--,--,--,--,--,--,--,--,--,--,--,--,--,--,--,--,--
53,53,3,1,3,2,8.500000e-01,0.0,--,--,--,--,--,--,--,--,--,--,--,--,--,--,--,--,--
54,54,6,2,3,4,2.550000e+00,0.0,--,--,--,--,--,--,--,--,--,--,--,--,--,--,--,--,--
